<BackupInst xmlns="http://www.microsoft.com/GroupPolicy/GPOOperations/Manifest"><GPOGuid><![CDATA[{8971E6B6-09F7-48BF-A092-5AA1B1AF8910}]]></GPOGuid><GPODomain><![CDATA[LSJ.LOCAL]]></GPODomain><GPODomainGuid><![CDATA[{31bfd9a3-d231-4a2f-bc24-8562024b1534}]]></GPODomainGuid><GPODomainController><![CDATA[LSJ-DC01.LSJ.LOCAL]]></GPODomainController><BackupTime><![CDATA[2025-12-18T16:19:22]]></BackupTime><ID><![CDATA[{50621A3B-C077-42A9-B0D7-128351D3D8D9}]]></ID><Comment><![CDATA[WSUS GPOs]]></Comment><GPODisplayName><![CDATA[WSUS Inbound Allow]]></GPODisplayName></BackupInst>
